{
  "A": [
    [
      17,
      28,
      -0.470703125
    ],
    [
      14,
      0,
      -0.411865234375
    ],
    [
      13,
      30,
      -0.2353515625
    ],
    [
      17,
      8,
      -0.2353515625
    ],
    [
      13,
      9,
      -0.176513671875
    ],
    [
      12,
      0,
      -0.176513671875
    ],
    [
      14,
      5,
      -0.176513671875
    ],
    [
      17,
      0,
      -0.176513671875
    ],
    [
      15,
      10,
      -0.176513671875
    ],
    [
      8,
      6,
      -0.11767578125
    ],
    [
      9,
      19,
      -0.11767578125
    ],
    [
      11,
      19,
      -0.11767578125
    ]
  ],
  "B": [
    [
      0,
      0,
      0.0
    ],
    [
      0,
      1,
      0.0
    ],
    [
      0,
      2,
      0.0
    ],
    [
      0,
      3,
      0.0
    ],
    [
      0,
      4,
      0.0
    ],
    [
      0,
      5,
      0.0
    ],
    [
      0,
      6,
      0.0
    ],
    [
      0,
      7,
      0.0
    ],
    [
      0,
      8,
      0.0
    ],
    [
      0,
      9,
      0.0
    ]
  ],
  "C": [
    [
      0,
      10,
      0.0
    ],
    [
      0,
      11,
      0.0
    ],
    [
      0,
      12,
      0.0
    ],
    [
      0,
      13,
      0.0
    ],
    [
      0,
      14,
      0.0
    ],
    [
      0,
      15,
      0.0
    ],
    [
      0,
      16,
      0.0
    ],
    [
      0,
      17,
      0.0
    ]
  ],
  "D": [
    [
      0,
      18,
      0.0
    ],
    [
      0,
      19,
      0.0
    ],
    [
      0,
      20,
      0.0
    ],
    [
      0,
      21,
      0.0
    ],
    [
      0,
      22,
      0.0
    ],
    [
      0,
      23,
      0.0
    ],
    [
      0,
      24,
      0.0
    ],
    [
      0,
      25,
      0.0
    ]
  ]
}